criterion,splitter,max_depth,min_samples_split,max_features,oversampling_method,roc_auc
gini,best,195,0.8144094203590194,sqrt,ada,0.6288689686702629
gini,random,37,0.4295083636030497,log2,ada,0.6759119789416145
entropy,random,103,0.9592417451472894,,ada,0.5965319026367978
gini,random,188,0.7603885776165377,sqrt,ada,0.6258685073217751
gini,best,176,0.39415985063422715,sqrt,none,0.8021733447465865
entropy,best,82,0.19208331565100975,log2,ada,0.7497421520322444
gini,random,107,0.9723406616663121,sqrt,none,0.6023760114490421
gini,best,41,0.7712546336632878,sqrt,none,0.6932311121823981
gini,random,5,0.8175816690651163,sqrt,none,0.585911120114042
entropy,random,157,0.24260664726272047,log2,none,0.8068160805177588
gini,random,189,0.26999583416706835,sqrt,none,0.800262897624914
gini,random,200,0.1699716069232911,log2,none,0.7886639226340187
entropy,best,1,0.4543640443299489,,ada,0.6245317072348334
entropy,best,122,0.25775243886247906,log2,none,0.8269691080179019
entropy,best,1,0.09155611290541951,sqrt,none,0.678439350557264
entropy,best,175,0.1825246958504538,sqrt,none,0.8410254907405749
entropy,best,152,0.10302204399568556,sqrt,none,0.8759727622022746
gini,best,143,1e-08,sqrt,none,0.8130834090102605
entropy,best,200,1e-08,,none,0.827496441458857
entropy,best,200,1e-08,sqrt,ada,0.8747038067832063
entropy,best,200,1e-08,sqrt,none,0.8173356792207404
entropy,best,172,0.09290417485825801,sqrt,ada,0.8022605186140854
gini,random,147,1e-08,sqrt,none,0.7727865422156411
gini,best,200,0.17158980171661245,log2,ada,0.7727701245733153
entropy,random,197,0.0016767092804760336,log2,none,0.886171942272103
entropy,random,200,1e-08,,none,0.8183471247677941
entropy,best,145,0.017134121099196323,,none,0.9251707996397034
entropy,random,142,0.00047036901964574146,,ada,0.9362394215304938
entropy,random,124,1e-08,log2,none,0.7661112353475402
entropy,best,132,0.1810029214235089,sqrt,none,0.85312453303451
entropy,best,133,0.1788153316020713,,none,0.8841081569463428
entropy,best,120,1e-08,sqrt,none,0.8132254665568688
entropy,best,119,1e-08,sqrt,none,0.8116679239233798
entropy,best,162,1e-08,sqrt,ada,0.8736934959959625
entropy,best,147,1e-08,,ada,0.8980642119948815
entropy,random,172,1e-08,log2,ada,0.8513956371655648
entropy,best,111,1e-08,,none,0.8262308857746067
entropy,random,119,1e-08,sqrt,ada,0.8579915512864869
entropy,random,154,1e-08,,ada,0.8915463760424713
entropy,random,149,0.236279065322522,,ada,0.7921502924767253
gini,best,105,0.39130236513435673,,none,0.8795377937138545
entropy,best,105,0.4330742020815084,,none,0.8779316202848624
entropy,best,146,1e-08,,none,0.8281948370228811
gini,random,200,1e-08,,ada,0.8907351310534262
gini,random,22,1e-08,,ada,0.899700525485671
gini,random,94,1e-08,,ada,0.8896988417562879
entropy,random,62,0.006452036859044167,,ada,0.9009011751211
entropy,best,1,1e-08,,ada,0.6245317072348334
entropy,best,162,1e-08,,ada,0.8982045714238405
entropy,random,1,1e-08,,none,0.6585812723318938
entropy,best,170,1e-08,,ada,0.8983311759019504
entropy,random,162,1e-08,,ada,0.8917024150711041
entropy,best,200,1.0,,none,0.683038853804312
entropy,random,97,1e-08,,ada,0.8930584743640626
entropy,best,164,1e-08,,ada,0.8973526752715365
gini,best,160,1e-08,,ada,0.8925417920203648
entropy,best,163,1e-08,,ada,0.8974526891118767
entropy,random,1,1e-08,log2,ada,0.5550723795153748
gini,best,56,1e-08,,ada,0.8926708444310226
gini,best,58,0.22336060774589836,,none,0.8845368751100203
gini,random,63,0.14103291293207815,,ada,0.8186743946820906
gini,random,51,1e-08,,none,0.8212172167861662
entropy,best,81,0.32053281996464583,,none,0.8804938551093495
gini,best,57,0.3941759183829943,,none,0.8795377937138545
entropy,best,110,1e-08,,ada,0.8974161982131809
gini,random,1,0.26517622321946843,,none,0.6703717264248187
gini,best,86,0.2662356196748591,,none,0.881197216441469
gini,best,131,1e-08,,ada,0.8928018688905203
gini,best,77,0.38191838177190235,log2,none,0.7862305934615609
entropy,best,64,0.4813305238956087,,none,0.8747967670150937
gini,random,50,1e-08,,ada,0.8880655107590302
entropy,best,144,0.43912566617411875,,none,0.8779316202848624
entropy,random,128,1e-08,,ada,0.8899685612797512
entropy,best,84,1e-08,,ada,0.8980234955658557
entropy,random,200,1e-08,,ada,0.894867798704043
entropy,random,140,1e-08,,ada,0.8914316474654046
gini,random,173,1e-08,,ada,0.8913181848631133
gini,random,140,1e-08,,ada,0.8897142696285684
entropy,best,200,0.4772311471458643,log2,none,0.807242636085891
gini,best,1,1.0,,ada,0.6245317072348334
entropy,best,82,1e-08,,ada,0.8985554899106072
gini,best,45,1e-08,sqrt,ada,0.8677715693819766
gini,best,81,0.3462801346827824,,none,0.8801954187011699
entropy,best,200,1e-08,,ada,0.8981531925232837
entropy,random,141,1e-08,,ada,0.8916701713233195
gini,best,200,1e-08,,ada,0.8919341874473572
entropy,random,82,1e-08,,ada,0.8936686700457388
entropy,best,100,1e-08,,ada,0.897779205109933
gini,best,41,1e-08,,ada,0.8926293925438453
entropy,best,126,0.31105623032565693,,none,0.8804938551093495
entropy,best,200,1e-08,log2,ada,0.8716701489406029
gini,best,107,1e-08,log2,ada,0.8675019188399449
entropy,best,86,1e-08,,ada,0.8982257202281975
entropy,best,85,1e-08,,ada,0.8978644686785883
entropy,best,135,1e-08,,ada,0.8977505364193242
entropy,random,49,0.9862664169695372,,none,0.6677757850375091
entropy,best,137,1e-08,,ada,0.8981872165003058
entropy,best,138,1e-08,,ada,0.8980510211076195
entropy,best,83,1e-08,,ada,0.897940030488451
entropy,best,140,1e-08,,ada,0.8981929463855362
gini,best,200,1e-08,log2,ada,0.866070524002116
entropy,random,200,1.0,log2,ada,0.5652025147421122
gini,best,199,0.8162597422759236,log2,none,0.6814219393803583
gini,best,152,0.004967908268143487,log2,ada,0.875593377264465
entropy,best,142,1e-08,,ada,0.8979288506262675
entropy,best,143,1e-08,,ada,0.8982325081101425
gini,best,42,0.005666376414838762,log2,ada,0.8806213761495045
gini,random,5,0.00845626660545958,,ada,0.8077052819294268
entropy,best,183,1e-08,log2,none,0.8076242691004923
entropy,best,56,0.23936981206759003,,none,0.8824467421364511
gini,random,136,0.3068233904742012,,none,0.8591380750943097
entropy,best,72,0.31561738715066834,,none,0.8804938551093495
gini,best,65,1e-08,log2,ada,0.8717224521172078
gini,random,46,1e-08,,ada,0.8886877454384932
gini,best,123,1e-08,,ada,0.8927777760614655
gini,random,147,1e-08,,ada,0.8880928281847439
gini,best,71,1e-08,,ada,0.8926576289543324
entropy,best,76,1e-08,,ada,0.8976927704955441
entropy,best,146,0.2502876446691052,,none,0.880906001240921
entropy,best,38,0.39017297771213816,log2,none,0.8118492488872334
entropy,best,29,0.47302854213385653,,none,0.8747967670150937
entropy,best,50,0.3818986887005229,,none,0.8779316202848624
entropy,best,146,1e-08,,ada,0.8975611251638514
entropy,random,76,1e-08,,ada,0.8926396802117856
gini,random,53,1e-08,log2,ada,0.8519071632972312
entropy,best,145,1e-08,,ada,0.8982045734660699
gini,best,90,0.03698953213011143,,none,0.9215111345642656
gini,best,89,1e-08,,none,0.8277648086870372
gini,random,1,0.6080047568179315,sqrt,none,0.6351569200340448
gini,best,86,1e-08,,ada,0.8928753992954465
entropy,best,102,0.05823206061317032,,ada,0.8719113027270685
entropy,best,195,0.37967519928730464,,none,0.8779316202848624
gini,best,85,1e-08,,ada,0.8922848007890258
entropy,random,1,0.9552860390127008,log2,ada,0.5982277743693908
entropy,random,200,0.06302574306202577,log2,none,0.8228077291053331
gini,best,125,0.07424903328290454,,none,0.9175024898812474
gini,best,96,1e-08,,ada,0.8929699259781501
entropy,random,200,0.41077595940953304,,ada,0.7014505620665776
entropy,best,118,0.06297737422593379,,none,0.9175722530635722
entropy,best,143,0.5940929110213157,,none,0.8747967670150937
gini,random,200,0.6020520755235825,log2,none,0.7307524742213404
gini,best,98,1e-08,sqrt,ada,0.8732376025259846
gini,best,119,0.5324917135705985,,none,0.876078108837021
gini,best,101,0.13943114589866235,,none,0.889081617313899
gini,best,100,1e-08,sqrt,ada,0.8745783027702915
gini,best,101,1e-08,sqrt,ada,0.8697744563795556
gini,best,162,0.18720407654808338,,none,0.886541106227121
gini,best,103,1e-08,sqrt,ada,0.8696484669144772
entropy,best,52,0.08290256838866904,,none,0.9041522613274648
gini,best,87,1e-08,sqrt,ada,0.8699428284732965
gini,best,137,0.27778103422333306,,none,0.8809811716661894
gini,best,88,1e-08,sqrt,ada,0.8756409791956462
gini,best,200,0.05906879592179952,,none,0.9179867602013192
entropy,best,162,0.06310433766415602,sqrt,none,0.8905762890718575
entropy,best,162,0.06554052899350549,sqrt,none,0.8601420375868426
entropy,best,163,0.07122475813410692,,none,0.9168593223765008
entropy,best,81,0.11861640827800084,,none,0.8949911281446473
gini,best,60,0.09512233148383181,,none,0.8970685542688437
entropy,random,37,0.055002930306882775,,ada,0.8514508547854834
entropy,best,94,0.6470334748524158,,none,0.8747967670150937
gini,best,161,0.09402504550087633,,none,0.8974321456937727
entropy,best,138,0.08607634351378973,,none,0.9025081300553682
entropy,best,74,0.0746245992425754,sqrt,none,0.8659610849466509
entropy,best,136,0.09675223663895997,,none,0.8971894305230119
entropy,best,200,0.2633066613624985,,none,0.880906001240921
entropy,best,77,0.12671579688827614,sqrt,none,0.860795164714509
entropy,best,77,0.12523436848064196,sqrt,none,0.8383399680170248
entropy,best,148,0.11538137287901559,sqrt,none,0.8524932121505729
gini,best,56,0.04842291946216648,,ada,0.8784643418555945
entropy,best,150,0.11718772459632687,sqrt,none,0.8708957169762681
entropy,best,152,0.11422516500463109,sqrt,none,0.8734601866233191
entropy,best,150,0.11586875864158733,sqrt,none,0.8810670719066543
entropy,best,149,0.11492650587625827,sqrt,none,0.8514161540282913
entropy,best,150,0.11434911885955444,sqrt,none,0.8606624833407795
entropy,best,150,0.11566896699719091,sqrt,none,0.8578112353755215
entropy,best,150,0.11543831376171379,sqrt,none,0.8624986065107292
gini,best,200,1e-08,sqrt,none,0.813360147005093
entropy,best,152,0.11325465624605192,sqrt,none,0.8805550623701843
entropy,best,153,0.11393421515710084,sqrt,none,0.8362918149696618
entropy,best,152,0.11578192323768875,sqrt,none,0.8720951719925821
entropy,best,152,0.11522074131264265,sqrt,none,0.8530225487087786
entropy,best,67,0.05834339034070925,,none,0.9176264585472292
entropy,best,68,0.05338966927675299,sqrt,none,0.8854453775842722
entropy,best,105,0.5813469025491879,log2,none,0.7065157466869979
entropy,best,130,0.7357856535047258,,none,0.8602645861620793
entropy,best,200,0.5355830899097285,,none,0.8747967670150937
entropy,random,98,0.4934193421875057,,none,0.8402801746937639
gini,best,121,0.663689210879419,,none,0.876078108837021
gini,best,200,0.06677775769265737,,ada,0.8697661048550609
gini,best,89,0.06966715110192626,,none,0.9179076667112884
entropy,best,66,0.08602491495347432,log2,none,0.8632203988799237
entropy,random,106,0.15419282795623887,,none,0.8667450681165824
entropy,best,200,0.6763802196348634,,none,0.87010388727291
gini,best,200,0.10825402263888456,,none,0.8960804567378572
gini,best,86,0.07102383806175938,,none,0.9178313759000177
gini,best,108,0.07703557567028606,,none,0.9173005707895884
gini,best,200,0.6078053178021153,,ada,0.7868927450445078
entropy,random,125,0.6709850307443243,,none,0.7982987186154737
entropy,random,80,0.3336030742752752,sqrt,none,0.7831988470946829
entropy,random,129,0.06175086610751339,sqrt,ada,0.7922823861142878
gini,best,151,0.05604924062521246,sqrt,none,0.8911442333676497
gini,best,149,0.0525850592588867,sqrt,none,0.8736979602315338
gini,best,149,0.053262866487548376,sqrt,none,0.8810354055938386
gini,best,148,0.0528635169215234,sqrt,none,0.8941703274962954
entropy,best,148,0.05205380936118212,sqrt,none,0.893417282306815
entropy,best,147,0.05151476697404735,sqrt,none,0.8901364303802447
entropy,best,147,0.051116719503779884,,none,0.919239048362101
entropy,random,88,0.24819026646003584,,none,0.8633588826936757
gini,best,76,0.0753954115646631,log2,none,0.8796663904347827
entropy,best,146,0.052559286338721464,,none,0.9191855765657855
gini,best,36,0.600979100254151,,none,0.876078108837021
gini,best,200,0.4616281592965556,,none,0.8795377937138545
entropy,best,176,0.05977012169447532,sqrt,none,0.8957049174007331
entropy,best,172,0.05776994954590997,sqrt,none,0.8634614427805097
entropy,best,176,0.05950170501866843,sqrt,none,0.8934534560092784
entropy,best,173,0.05855325020101613,sqrt,none,0.8660826077246946
gini,best,172,0.05806791080281486,,none,0.9179510599452981
entropy,best,80,0.06485757000175701,,none,0.9176322869341632
entropy,best,145,0.0541638029719436,sqrt,none,0.9028334632722429
entropy,best,138,0.052470373110075685,,none,0.9191493940669626
entropy,best,157,0.05372393341892837,sqrt,none,0.8889566813215314
entropy,best,157,0.05359830261259424,sqrt,none,0.892232111217406
entropy,best,157,0.053494358371423835,sqrt,none,0.8903980630129936
gini,best,154,0.0533002699466879,sqrt,none,0.88647195558304
entropy,best,200,0.3067371454226894,log2,none,0.7886296408905326
entropy,best,157,0.0528129339469892,sqrt,none,0.8957769079185685
entropy,best,95,0.0625536191025327,sqrt,none,0.8917966560699551
gini,best,60,0.05518536756014983,sqrt,none,0.8957233425505446
entropy,random,200,0.24376371260271806,,none,0.8613775347734492
gini,best,58,0.05403363415909177,sqrt,none,0.8804600015732934
gini,best,65,0.5677159972365524,,none,0.876078108837021
gini,best,60,0.055289325519317145,sqrt,none,0.8907388135756444
entropy,best,157,0.05226583995294768,sqrt,none,0.8891204697204533
gini,best,145,0.05423500892127598,sqrt,none,0.8957408712129252
gini,best,59,0.054318566397155904,sqrt,none,0.8877024853715807
gini,best,59,0.0545344120740498,sqrt,none,0.8734417543551359
gini,best,64,0.056754546356831484,sqrt,none,0.883017763456758
entropy,best,125,0.09559013945775115,log2,none,0.872521959728283
gini,best,143,0.053877222024207486,sqrt,none,0.8897874435808149
gini,random,57,0.07528061957102815,sqrt,none,0.8331609620308692
gini,best,79,0.6925269300434405,,ada,0.7428956897935812
gini,best,143,0.054017347400881585,sqrt,none,0.8927093129117655
gini,best,143,0.0538348872941304,sqrt,none,0.8804619227867838
gini,best,144,0.053847614378651855,sqrt,none,0.8853915799728022
gini,best,144,0.053767930216302225,sqrt,none,0.8863322251383701
gini,best,148,0.053045932483130054,sqrt,none,0.8749918723301177
gini,best,143,0.05372090112681101,sqrt,none,0.8941694612954003
gini,best,143,0.05357665854655714,sqrt,none,0.8801932283558088
gini,best,143,0.05369587075291126,sqrt,none,0.8677414305667729
gini,best,62,0.05595404409990955,sqrt,none,0.8860610129517505
gini,best,147,0.05293363923235583,sqrt,none,0.8906025402713699
gini,best,62,0.055732465474971425,sqrt,none,0.8988831485986788
gini,best,145,0.05376646189405683,sqrt,none,0.876530924090055
gini,best,145,0.053744064397157086,sqrt,none,0.8834425147039425
gini,best,62,0.055457205320421435,sqrt,none,0.883543205523431
gini,best,62,0.05543558964409935,sqrt,none,0.8851325911842903
gini,best,63,0.05546808176480465,sqrt,none,0.8861439120245174
gini,best,62,0.05527167300044752,sqrt,none,0.8933731882137342
gini,best,61,0.05511213740210431,sqrt,none,0.8877538702133481
gini,best,61,0.054999004524364,sqrt,none,0.896353909446578
gini,best,61,0.05479513204614004,sqrt,none,0.8903553553051352
gini,best,58,0.051599998141863404,sqrt,none,0.8769023032376023
gini,best,62,0.05528983548275405,sqrt,none,0.8889329171589724
gini,best,61,0.055231707621536695,sqrt,none,0.8814298991689832
gini,best,62,0.055190791189850937,sqrt,none,0.8943187990021921
gini,best,62,0.055101172160503344,sqrt,none,0.8657353188801342
gini,best,62,0.055588493886479726,sqrt,none,0.8929889868017268
gini,best,62,0.05551969454441731,sqrt,none,0.8798592136611464
gini,best,62,0.05548820064330496,sqrt,none,0.8872480776377342
gini,best,144,0.05288898857468309,sqrt,none,0.8982164238562449
gini,best,144,0.05283050566882157,sqrt,none,0.8670746837979623
gini,best,60,0.0556276922465993,sqrt,none,0.8794465734463737
gini,best,145,0.05317860784312731,sqrt,none,0.8817825141826191
gini,best,63,0.0556187750999309,sqrt,none,0.8806800048131872
gini,best,63,0.05552775793743156,sqrt,none,0.8770808737460575
gini,best,62,0.055499526939018225,sqrt,none,0.8947977214571564
gini,best,62,0.05546320635867853,sqrt,none,0.8832712776192078
gini,best,62,0.055391041878262624,sqrt,none,0.895983685456223
gini,best,62,0.05536103781783613,sqrt,none,0.8850356294615797
gini,best,145,0.052753848125457276,sqrt,none,0.8989443197453926
gini,best,62,0.05532393949222278,sqrt,none,0.892343734224907
gini,best,62,0.05525242177533379,sqrt,none,0.8874200687101185
gini,best,62,0.055169628034281326,sqrt,none,0.8599496924739269
gini,best,62,0.05577299931667297,sqrt,none,0.8887548467035239
gini,best,62,0.055698852930979946,sqrt,none,0.8867886709729985
gini,best,62,0.055620585523476256,sqrt,none,0.8713197227511461
gini,best,145,0.05316901709931017,sqrt,none,0.880841756781043
gini,best,145,0.05311215558092566,sqrt,none,0.8798580278905579
gini,best,145,0.053065675923817335,sqrt,none,0.885594363286823
gini,best,145,0.05262143421061802,sqrt,none,0.8774138926686775
gini,best,200,0.6075897227484519,sqrt,none,0.7545415486447381
gini,best,145,0.05300697433985871,sqrt,none,0.9002968179941266
entropy,random,75,0.07402458185602102,sqrt,none,0.8714798121294142
entropy,random,80,0.07001473682703833,sqrt,none,0.8572659343835117
entropy,best,81,0.07292277229282541,sqrt,none,0.8863228359039946
entropy,random,71,0.07254947193980811,sqrt,none,0.8305332872588158
gini,best,80,0.0698475056477225,sqrt,none,0.8817175770324823
gini,best,146,0.05237006048684735,sqrt,none,0.8773644137928281
entropy,best,79,0.06911640798146851,sqrt,none,0.8870888895045809
entropy,best,79,0.06887016385061916,sqrt,none,0.8840862842111145
gini,best,145,0.05305772108078932,sqrt,none,0.8697408329254798
entropy,best,80,0.07251451132496785,sqrt,none,0.8883259713940009
gini,best,145,0.05330216912027821,sqrt,none,0.8834427462803459
gini,best,145,0.0531002441116271,sqrt,none,0.8962756049339305
gini,best,63,0.05552064083344879,sqrt,none,0.8919097818964401
entropy,best,78,0.06958170911098367,,none,0.9168154561423668
entropy,random,83,0.06542225285467797,sqrt,none,0.8295684198186287
entropy,random,76,0.07329197597634374,sqrt,none,0.8540688819206638
entropy,best,76,0.07193903505964296,sqrt,none,0.8889960397127513
entropy,best,76,0.0729957299769779,,none,0.9167199506345645
entropy,best,75,0.07137177818721098,sqrt,none,0.8897015149706244
entropy,best,76,0.07190800824407731,sqrt,none,0.8722977067093899
entropy,best,80,0.07100867428304505,sqrt,none,0.8821830418420769
entropy,best,78,0.07141123032209815,,none,0.9168468483626903
entropy,best,75,0.06734561372552925,sqrt,none,0.8807576711672217
entropy,best,79,0.07586341418271383,sqrt,none,0.8881519132617552
entropy,best,76,0.07193049718440166,sqrt,none,0.8733259905509287
gini,best,145,0.05307639650181406,sqrt,none,0.8905706263657374
gini,best,145,0.05299897577308908,sqrt,none,0.871889987139078
gini,best,145,0.05309432581568726,sqrt,none,0.8791388504876441
gini,best,145,0.05304891039070405,sqrt,none,0.8883018982913694
entropy,best,75,0.07225654769075658,,none,0.9167199506345645
gini,best,145,0.0529176712233071,sqrt,none,0.8742178962436379
gini,best,145,0.05296134554398276,sqrt,none,0.9088238978625881
gini,best,145,0.05323026612478269,sqrt,none,0.8882584828324201
entropy,best,77,0.07265672274353821,,none,0.9167199506345645
gini,best,145,0.05309509860714703,sqrt,none,0.9005116199833685
gini,best,145,0.053154885032090614,sqrt,none,0.8855553746685937
entropy,best,76,0.0720986481050174,sqrt,none,0.8849231009671558
entropy,best,75,0.07125193583315714,sqrt,none,0.8816237865342748
gini,best,145,0.05296085612058951,sqrt,none,0.891871106755881
gini,best,145,0.05290057861775151,sqrt,none,0.8872941526655423
gini,best,144,0.05282964338872841,sqrt,none,0.8870784241233917
gini,best,145,0.052806417658460475,sqrt,none,0.8965428522152981
gini,best,144,0.05267470209996581,sqrt,none,0.9011032573747685
entropy,best,75,0.07232200480909304,,none,0.9167199506345645
entropy,best,77,0.0756207477438339,sqrt,none,0.8875711206450584
gini,best,144,0.05264953898766,sqrt,none,0.8915136756369514
gini,best,75,0.07194117028525736,sqrt,none,0.8715212164795098
gini,best,144,0.052277044508357844,sqrt,none,0.8926762356567274
gini,best,143,0.05217709410610452,sqrt,none,0.8931170091378607
gini,best,143,0.05206343211632769,sqrt,none,0.8812336621367015
entropy,best,78,0.07241682671765176,sqrt,none,0.8881532697928921
gini,best,143,0.052044304958028406,sqrt,none,0.8879534865940863
gini,best,143,0.05196899229809107,sqrt,none,0.8970973970091299
gini,best,143,0.05184067925352855,sqrt,none,0.8878630217184181
entropy,best,76,0.07142502336240523,sqrt,none,0.8894285209415939
entropy,best,76,0.07170112733821103,,none,0.9168468483626903
gini,best,143,0.0516745494140056,sqrt,none,0.8926332532974355
gini,best,142,0.051549963245326236,sqrt,none,0.8857664452513997
entropy,random,81,0.07290931289981978,sqrt,none,0.8213619555389906
entropy,random,75,0.07264953759188288,,none,0.9000355055879755
gini,best,142,0.051898247624631404,sqrt,none,0.8702822467794628
entropy,best,78,0.07227793260056425,sqrt,none,0.8781186565038593
gini,best,72,0.07092033854669309,,none,0.9178313759000177
gini,best,143,0.05219718429175473,sqrt,none,0.8719534451683066
gini,best,144,0.052406298503734294,sqrt,none,0.8795802341237459
entropy,best,68,0.06964978765921483,sqrt,none,0.9000701818117772
gini,best,144,0.05260741907999814,sqrt,none,0.8827253755041778
gini,best,144,0.0525722356729111,sqrt,none,0.8854601309821453
gini,best,144,0.05251898966312719,sqrt,none,0.8737989187698004
gini,best,144,0.05273760012370948,sqrt,none,0.8808390487043458
gini,best,144,0.05258175716332708,sqrt,none,0.8861053284732897
gini,best,144,0.05252559042354579,sqrt,none,0.8967604555025886
entropy,best,74,0.06882782034250294,sqrt,none,0.8688817004224804
entropy,best,73,0.06902883246115953,,none,0.9168154561423668
entropy,best,69,0.07425543651942497,sqrt,none,0.877867622476325
entropy,best,74,0.06870729500052458,sqrt,none,0.8636531958777178
gini,best,144,0.052782666661325736,sqrt,none,0.8945905978120555
gini,best,144,0.05274900220471409,sqrt,none,0.8955809197386007
gini,best,144,0.052719358724585275,sqrt,none,0.902941972662901
gini,best,144,0.05276855414984311,sqrt,none,0.8839450448390447
entropy,best,78,0.06887397825968294,,none,0.9169739165096837
gini,best,73,0.06970175123062311,,none,0.9179076667112884
gini,best,144,0.05264398485896989,sqrt,none,0.8909151867578103
gini,best,144,0.052550539563535295,sqrt,none,0.8955372937234042
gini,best,81,0.06900981468845911,sqrt,none,0.8728459989522044
gini,best,143,0.05235726187788773,sqrt,none,0.8755816670877353
gini,best,144,0.05244743707722155,sqrt,none,0.8953303120890973
entropy,best,78,0.07053933255942894,,none,0.9168593223765008
gini,best,144,0.05234525190401325,sqrt,none,0.9021949113622633
gini,best,144,0.052341027306175736,sqrt,none,0.8988408223085839
gini,best,143,0.05229318281179982,sqrt,none,0.8949437723480265
gini,best,143,0.05221902225638216,sqrt,none,0.886543290529901
gini,best,143,0.05235438620424041,sqrt,none,0.892604509979917
gini,best,143,0.05210643480791852,sqrt,none,0.8966375999677924
gini,best,143,0.05202281429932488,sqrt,none,0.8892593603664333
entropy,best,74,0.06901713907597865,sqrt,none,0.8903599646052839
gini,best,143,0.05191478368321382,sqrt,none,0.8910800271222895
gini,best,142,0.05183802807925437,sqrt,none,0.888036158550929
gini,best,142,0.0517855406161505,sqrt,none,0.8710230465090286
gini,best,143,0.05205871597506959,sqrt,none,0.895652655543152
gini,best,143,0.05200989190679036,sqrt,none,0.8834378250924572
entropy,best,73,0.06976188414744768,sqrt,none,0.8926439636550271
gini,best,143,0.05196548731787678,sqrt,none,0.8876495625883832
gini,best,143,0.051916390128508724,sqrt,none,0.8986843145347939
gini,best,143,0.05183351271909776,sqrt,none,0.9024506132537077
gini,best,142,0.05175446162705227,sqrt,none,0.879711922569415
entropy,best,74,0.06893414241387594,sqrt,none,0.8568773770386603
entropy,best,70,0.0739395211151378,sqrt,none,0.8925439375537197
entropy,best,76,0.06948844699344739,,none,0.9168154561423668
gini,best,143,0.05226782507707338,sqrt,none,0.8910815205263306
gini,best,143,0.05220861527483627,sqrt,none,0.8865995759576121
gini,best,75,0.07159423650898918,,none,0.9177886456155949
gini,best,143,0.052133409199319705,sqrt,none,0.8991564943026145
gini,best,142,0.05207585934286935,sqrt,none,0.8769733931537492
gini,best,143,0.05217129697617902,sqrt,none,0.8882574179363306
gini,best,143,0.0521311274798359,sqrt,none,0.8961237459682208
gini,best,143,0.05206011899076491,sqrt,none,0.8763559365027057
gini,best,143,0.05214983047870865,sqrt,none,0.8856496902157449
gini,best,143,0.052119309887749064,sqrt,none,0.8691078622780622
entropy,best,74,0.06936858161985315,,none,0.9168154561423668
entropy,best,74,0.06637357273079915,,none,0.9169055228253519
entropy,best,74,0.07012270027984252,,none,0.9168593223765008
entropy,best,69,0.07173860967123191,sqrt,none,0.8717278708660027
entropy,best,74,0.07026660983985031,,none,0.9168593223765008
entropy,best,75,0.06848727887714243,,none,0.9169739165096837
gini,best,74,0.06998262753016873,,none,0.9179076667112884
entropy,best,74,0.06942544616120648,,none,0.9168154561423668
entropy,best,73,0.06941208752491132,,none,0.9168154561423668
gini,best,143,0.051991892141777574,sqrt,none,0.8819926235558054
gini,best,143,0.05193590963895882,sqrt,none,0.86494074146347
entropy,best,74,0.06989131355161572,,none,0.9168154561423668
gini,best,144,0.05229107395080451,sqrt,none,0.8759599013091619
gini,best,144,0.05234141889086477,sqrt,none,0.8945337371985717
gini,best,144,0.052305088598119207,sqrt,none,0.899272972137163
gini,best,144,0.05228828284373765,sqrt,none,0.9052405903991544
gini,best,144,0.052327382901898235,sqrt,none,0.8843458753168137
gini,best,144,0.052299395164752675,sqrt,none,0.8782835955571145
gini,best,144,0.05232116520090715,sqrt,none,0.895361425005525
gini,best,144,0.05228542548972362,sqrt,none,0.8843466690012401
gini,best,144,0.052258740874718594,sqrt,none,0.8930284108747834
gini,best,144,0.05221363424455836,sqrt,none,0.9006694985860761
gini,best,144,0.052198997695290045,sqrt,none,0.8854835026780009
gini,best,144,0.05216879554187971,sqrt,none,0.8852951642141603
entropy,best,75,0.0700941154135673,,none,0.9168593223765008
gini,best,144,0.052113382666346526,sqrt,none,0.8880604247532946
gini,best,144,0.05206049927958156,sqrt,none,0.8691930772588252
gini,best,144,0.05224231017955608,sqrt,none,0.906120128534317
gini,best,144,0.052286331031453685,sqrt,none,0.8954004322189837
gini,best,144,0.05225056147191131,sqrt,none,0.8726253998535857
gini,best,144,0.05234686150173971,sqrt,none,0.8902765101817597
gini,best,144,0.05230521318458326,sqrt,none,0.8814081284990832
gini,best,144,0.05229759643618711,sqrt,none,0.8772823221835483
gini,best,144,0.05232640725747717,sqrt,none,0.8829851919316098
gini,best,144,0.05231514974608358,sqrt,none,0.8799257390997323
gini,best,144,0.05230768303120937,sqrt,none,0.8865988936690837
gini,best,144,0.05227229348548105,sqrt,none,0.8730310925511718
gini,best,144,0.05235228932280849,sqrt,none,0.8818000493230791
gini,best,144,0.052303965885691,sqrt,none,0.8842581359212723
gini,best,144,0.05231020186748871,sqrt,none,0.8919915475466196
gini,best,144,0.0522609054651475,sqrt,none,0.887896056638478
gini,best,144,0.052232965754117275,sqrt,none,0.8814981688753578
gini,best,143,0.051686255920515255,,none,0.918607843380971
gini,best,147,0.05588344666306629,sqrt,none,0.8936375782144288
gini,best,145,0.05409371327970213,sqrt,none,0.8967297581851987
gini,best,146,0.05433450317979917,sqrt,none,0.8760684531188163
gini,best,149,0.0536881438551843,sqrt,none,0.8994982092089824
entropy,best,140,0.05364782637583153,sqrt,none,0.87541509277898
gini,best,147,0.05272818475359487,sqrt,none,0.9046100450607862
gini,best,151,0.05459796863836175,sqrt,none,0.8885178055348365
gini,best,151,0.05457118429506938,sqrt,none,0.893745173912104
gini,best,57,0.05313765338935576,sqrt,none,0.9009498148467006
gini,best,152,0.05499718781101866,sqrt,none,0.8997357823935257
gini,best,154,0.05492104599634409,sqrt,none,0.8872735341259945
gini,best,153,0.05486446259380622,sqrt,none,0.8846040909852543
gini,best,153,0.054782352239299795,sqrt,none,0.8926234890211266
gini,best,73,0.07330289238797305,sqrt,none,0.8770034774227712
gini,best,152,0.05344935058847296,sqrt,none,0.8816875232853622
gini,best,152,0.05472464529012895,sqrt,none,0.8817351161156259
gini,best,152,0.054620817394047165,sqrt,none,0.8798292869631564
gini,best,151,0.05453333219201549,sqrt,none,0.890137883911224
gini,best,151,0.054522614742207084,sqrt,none,0.8949299673823452
gini,best,152,0.05456719354680794,sqrt,none,0.8915551743370941
gini,best,152,0.05457873532199035,sqrt,none,0.8999872730202859
entropy,best,75,0.07056380370930614,,none,0.9168593223765008
gini,best,148,0.053220308746612446,sqrt,none,0.8906771796816123
gini,best,153,0.054605663142191,sqrt,none,0.8978015203928504
gini,best,154,0.05466146369632652,sqrt,none,0.8738486335757848
gini,best,152,0.05461900792631914,sqrt,none,0.893321402483599
gini,best,154,0.05443535010538041,sqrt,none,0.8970897468756984
gini,best,154,0.05432522739450484,sqrt,none,0.8770889472339057
gini,best,152,0.05463543446847769,sqrt,none,0.8892800114722778
gini,best,152,0.0546112460910807,sqrt,none,0.8823747165319862
gini,best,152,0.05455304674201035,sqrt,none,0.8927178458902754
gini,best,151,0.05363653740047073,sqrt,none,0.8896270093674579
gini,best,152,0.054654963007829634,sqrt,none,0.9045585086675775
gini,best,153,0.0546782543039245,sqrt,none,0.8936493125664278
gini,best,153,0.054691921324578896,sqrt,none,0.9005387556696108
gini,best,154,0.05475260022331348,sqrt,none,0.8948781622938915
gini,best,154,0.054759333995074676,sqrt,none,0.8956479126091299
gini,best,155,0.05476390601032817,sqrt,none,0.8871875434902781
gini,best,81,0.06798195119506617,sqrt,none,0.8834448040759929
gini,best,155,0.0547477618550577,sqrt,none,0.8722020670619489
gini,best,153,0.054759890488752475,sqrt,none,0.8942894523644833
gini,best,154,0.05476423573364528,sqrt,none,0.8818610811866301
gini,best,153,0.05472109975896325,sqrt,none,0.8949515897622512
entropy,best,81,0.06757098810711823,sqrt,none,0.897049877172984
gini,best,154,0.05465964879938702,sqrt,none,0.9040603685920677
gini,best,155,0.05474950233619545,sqrt,none,0.8736636380459656
